id,nombre,apellido,email,genero,profesion,usuario,nacionalidad
1,Maurita,Feander,mfeander0@telegraph.co.uk,F,Research Nurse,mfeander0,Somali
2,Maurita,Farsse,ffursse1@tmall.com,M,Safety Technician III,ffursse1,Tajik
3,Maxy,Bonnell,mbonnell2@google.fr,M,Analog Circuit Design manager,mbonnell2,Swati
4,Mavra,Swanwick,mswanwick3@mashable.com,F,GIS Technical Architect,mswanwick3,Malagasy
5,Rafi,Sammons,rsammons4@sciencedirect.com,M,Budget/Accounting Analyst II,rsammons4,French
6,Dieter,Manifield,dmanifield5@apache.org,M,Chief Design Engineer,dmanifield5,Thai
7,Kimberley,Siseland,ksiseland6@sakura.ne.jp,F,VP Product Management,ksiseland6,Kurdish
8,Carroll,McCole,cmccole7@ustream.tv,M,Internal Auditor,cmccole7,Armenian
9,Fremont,Wyne,fwyne8@51.la,M,Staff Accountant I,fwyne8,Greek
10,Brynn,Finkle,bfinkle9@fema.gov,F,Assistant Professor,bfinkle9,Malagasy
11,Carolin,Anney,canneya@networkadvertising.org,F,Professor,canneya,Korean
12,Dannye,McKinney,dmckinneyb@myspace.com,F,Programmer Analyst I,dmckinneyb,Khmer
13,Klarika,Daelman,kdaelmanc@blogger.com,F,Research Associate,kdaelmanc,Latvian
14,Trula,Fines,tfinesd@salon.com,F,Compensation Analyst,tfinesd,German
15,Rayna,Mayfield,rmayfielde@bloglovin.com,F,Assistant Manager,rmayfielde,Belarusian
16,Reta,Hunting,rhuntingf@jiathis.com,F,Geological Engineer,rhuntingf,Arabic
17,Garrard,Hemphall,ghemphallg@ning.com,M,Chemical Engineer,ghemphallg,Estonian
18,Alberto,aprei,gerasda@nin.com,M,Chino Albarez,glucosa,Tintura
18,Alberto,aprea,gerasda@nin.com,M,Chino Albarez,glucosa,Tintura

